---EDNidJUA, 30.000, 40.000," /m/02qldy,/m/02zsn,/m/05zppz,/m/09x0r"
-1SqCsu9uag,30.0,40.0," /m/0342h,/m/042v_gx,/m/04rlf,/m/04szw,/m/0fx80y"
-ENDOYcu-ww,410.0,420.0," /m/03qc9zr,/m/04rlf,/m/09x0r,/t/dd00126"
-KXNiWfYC9Y,0.0,10.0," /m/026t6,/m/02hnl,/m/03t3fj,/m/06rvn,/m/0bm02,/m/0l14md"
-Ta0uMIkpac,30.0,40.0," /m/01z7dr,/m/025td0t,/m/04rlf,/m/0l14gg"
-VEXMJ62rxc,30.0,40.0," /m/04rlf,/m/04szw,/m/09x0r"
-fX2B_RvG5w,30.0,40.0, /m/09x0r
-i43hL6yXjM,30.0,40.0," /m/01wy6,/m/04rlf,/m/04szw,/m/085jw"
-j8nraQB_ew,30.0,40.0, /m/04rlf
-kjlcFurlW4,30.0,40.0," /m/02w4v,/m/04rlf"
-lhVRX0xYSw,110.0,120.0," /m/07cx4,/m/09x0r,/t/dd00125"
-lkZKxSyXIs,30.0,40.0, /m/04rlf
-pqeY5U8Ky8,30.0,40.0," /m/04rlf,/m/0ggx5q"
-ptesEOvq2M,30.0,40.0," /m/04rlf,/m/0g293"
-qVoVHW7GHc,30.0,40.0," /m/04rlf,/m/09x0r"
-uxZYyGs9L0,30.0,40.0," /m/09x0r,/t/dd00129"
-wW_nszZCpc,5.0,15.0, /m/0g6b5
-ySYw9mVf_A,30.0,40.0," /m/02qldy,/m/04rlf,/m/05zppz,/m/09x0r,/m/0brhx"
-zVGs8QmK1I,210.0,220.0, /m/04rlf
0-0UKKMKiVg,560.0,570.0, /m/053hz1
05FetYnIzY8,30.0,40.0, /m/09x0r
06-g5jz-OGc,20.0,30.0, /m/04zjc
082FwZUHZt8,30.0,40.0," /m/04rlf,/m/09x0r"
0F54miBVMo4,80.0,90.0," /m/013y1f,/m/04rlf,/m/04szw"
0JxmYWCgGCE,30.0,40.0, /m/04229
0SLli-eh_Dw,30.0,40.0," /m/02qldy,/m/05zppz,/m/09x0r"
0U5OfeJ1TDM,30.0,40.0," /m/04rlf,/t/dd00003"
0VsB_qwD6i4,30.0,40.0," /m/04rlf,/m/0j6m2"
0ZXEYr3e3AM,30.0,40.0, /m/04rlf
0e75BCvaDPk,30.0,40.0," /m/02mk9,/m/07q2z82,/m/07yv9,/m/0k4j,/t/dd00066,/t/dd00130"
0eTcH_XeCCQ,30.0,40.0, /m/09x0r
0ecSwGDAao4,30.0,40.0, /m/09x0r
0kI_X04z9QE,210.0,220.0, /m/09x0r
0l3EVz_mWRs,30.0,40.0," /m/04rlf,/m/06j64v"
0nMRa7gh1Tc,350.0,360.0," /m/013y1f,/m/03xq_f"
0tBc7uemyPs,200.0,210.0," /m/018vs,/m/0342h,/m/04rlf,/m/04szw"
0yqJGIHEHjQ,30.0,40.0," /m/06h7j,/m/09x0r"
15jJAjwcW3E,30.0,40.0," /m/02lkt,/m/04rlf,/m/07gxw"
18tpMkI4f2I,30.0,40.0," /m/02sgy,/m/0342h,/m/04rlf,/m/04szw,/m/07s0s5r,/m/0fx80y"
1A04cmh5JFg,24.0,34.0," /m/02mk9,/t/dd00066"
1DqwSTtKveA,30.0,40.0, /m/04rlf
1H0z1vamt_E,30.0,40.0," /m/02rtxlg,/m/09x0r"
1Mq6Z4w7bkA,30.0,40.0, /m/04rlf
1R2KMXq7Xg8,100.0,110.0," /m/013y1f,/m/03gvt"
1RXlJzak1Yw,30.0,40.0, /m/04rlf
1SRR9BVd5VM,30.0,40.0, /m/09x0r
1TVeQe-ppzs,120.0,130.0," /m/015lz1,/m/04rlf,/m/0dq0md"
1YLFyYYjOBo,350.0,360.0," /m/09x0r,/m/0g6b5"
1c2ifW4GLtQ,30.0,40.0, /m/09x0r
1udqNV3vwC8,30.0,40.0, /m/04rlf
1zFTs3nIcyg,60.0,70.0," /m/02mk9,/m/04_sv,/m/07yv9"
1zTnrk9WbWw,22.0,32.0," /m/09x0r,/t/dd00003"
20sstRN_pmI,170.0,180.0," /m/018vs,/m/0342h,/m/03lty,/m/042v_gx,/m/04rlf,/m/04szw,/m/06by7,/m/0fx80y,/m/0l14_3"
21OeWMonJv4,21.0,31.0," /m/04rlf,/m/09x0r"
221Ia1cD5dQ,22.0,32.0," /m/01yrx,/m/068hy,/m/07qrkrw,/m/0jbk"
28G5HYbzyIo,30.0,40.0, /m/04rlf
29lr6PCiJz4,30.0,40.0, /m/09x0r
2C8Osi785_Q,30.0,40.0, /m/04rlf
2E6NBiUESmI,20.0,30.0, /m/09x0r
2HY9uIFvzBs,18.0,28.0, /m/09x0r
2KJaw6Gp1WI,30.0,40.0, /m/04rlf
2M0AlSxSaNI,30.0,40.0," /m/09x0r,/t/dd00038"
2Ns9xjl48DM,30.0,40.0," /m/04rlf,/m/0c1dj"
2OLn5NhuNUE,30.0,40.0," /m/02sgy,/m/0342h,/m/04rlf,/m/04szw,/m/09x0r"
2QXhPa5-ah4,30.0,40.0," /m/04rlf,/m/04szw,/m/07y_7"
2SnSsgp7k7o,30.0,40.0," /m/04rlf,/m/09x0r"
2UYCj2G4y-w,30.0,40.0, /m/09x0r
2btEt0W7UxU,30.0,40.0, /m/09x0r
2cBdAvV0_zs,80.0,90.0, /m/01jt3m
2it7lNFmReg,20.0,30.0, /m/04rlf
3FzT3BC2MTQ,30.0,40.0, /t/dd00125
3OkbOB8QRsY,23.0,33.0," /m/02lkt,/m/04rlf"
3QUWDLrBKR8,30.0,40.0," /m/04rlf,/m/09x0r"
3Z6GP6Li5q4,30.0,40.0," /m/04rlf,/m/09x0r"
3_bLSIIZNqo,270.0,280.0, /m/015p6
3antS2DkDh4,460.0,470.0," /m/09x0r,/t/dd00125"
3b8gOPOUVPI,25.0,35.0, /m/09x0r
3eIDgwh-NEY,30.0,40.0," /m/04rlf,/m/04szw,/m/09x0r,/m/0d8_n"
3eIWngU8MQI,30.0,40.0," /m/04rlf,/m/09x0r"
3gNoV-tqh_o,30.0,40.0, /m/09x0r
3gV9nwv_Aho,30.0,40.0," /m/04rlf,/m/09x0r"
3iCXeHUGspY,30.0,40.0," /m/0155w,/m/04rlf"
3yoh1EhPRbc,50.0,60.0," /m/01qbl,/m/026t6,/m/02hnl,/m/03qtq,/m/04rlf,/m/04szw,/m/06rvn,/m/0bm02,/m/0l14md"
47g5m1VJc60,13.0,23.0," /m/09x0r,/m/0c3f7m"
4Blu8tf4z68,30.0,40.0, /m/09x0r
4FNqQtpRAHs,30.0,40.0," /m/07ptzwd,/m/0838f"
4HMhHY3KU_c,30.0,40.0, /m/09x0r
4Ht_NX9Fvxk,30.0,40.0," /m/019jd,/m/02rlv9,/m/07yv9"
4J_kA5trzDk,30.0,40.0," /m/04rlf,/m/09x0r"
4KWfqE72ueg,30.0,40.0," /m/07r04,/m/07yv9"
4KvJQ3NERus,260.0,270.0, /m/09x0r
4NsPXaGsdug,160.0,170.0, /m/09x0r
4RqJx7t5nL0,30.0,40.0, /m/09x0r
4TQbr244IPs,200.0,210.0, /m/04rlf
4XxM8HvDxPY,30.0,40.0, /m/09x0r
4aC1YanV1hc,30.0,40.0," /m/07r04,/m/07yv9"
4bzDTEqeN3Q,30.0,40.0, /m/09x0r
4jIeOBZn4pc,30.0,40.0," /m/04rlf,/m/09x0r"
4k4Dr70_5wc,420.0,430.0," /m/09x0r,/t/dd00125"
4qNWcSPYi7w,360.0,370.0," /m/04rlf,/m/04szw,/m/05148p4,/m/05r5c,/m/09x0r,/m/0l14qv"
4qxlLTytWys,370.0,380.0," /m/04rlf,/m/0cj0r"
4uKp8qNO1VI,30.0,40.0," /m/07yv9,/m/09x0r,/m/0gvgw0"
4xDYO5ab2ho,7.0,17.0," /m/068hy,/m/07rc7d9,/m/09x0r,/m/0bt9lr,/m/0jbk"
5-R32uw_WKo,30.0,40.0," /m/03m9d0z,/t/dd00092"
52CAC2Ystws,30.0,40.0, /m/09x0r
54bt7Bhy12w,30.0,40.0, /m/09x0r
54ci1TAwKsM,20.0,30.0," /m/03qtwd,/m/04rlf"
54vyg1s7dF8,530.0,540.0," /m/07p9k1k,/m/07ptfmf"
55ql3EJu0CY,30.0,40.0, /m/09x0r
58iG8_qx10c,120.0,130.0," /m/01m2v,/m/0316dw"
5HZqYoexBM8,30.0,40.0," /m/04rlf,/m/07p6mqd,/m/0838f,/m/09x0r"
5HfJ-YH95Nc,110.0,120.0, /m/09x0r
5KHcuDQ1ri8,300.0,310.0," /m/026t6,/m/0l14md"
5NZtV2v_7KU,110.0,120.0, /m/05zppz
5S3BbBVqbMk,30.0,40.0," /m/0342h,/m/042v_gx,/m/04rlf,/m/04szw,/m/07s0s5r,/m/0fx80y"
5ThjqcgxdzA,30.0,40.0, /m/09x0r
5cHQC4DrdtE,10.0,20.0," /m/018w8,/m/04rlf,/m/09x0r"
5cZa8bZJA7k,110.0,120.0, /m/09x0r
5d9PPpnmBCs,70.0,80.0," /m/09x0r,/t/dd00129"
5wVlmEWBDVo,30.0,40.0, /m/04rlf
660pUXcax4o,21.0,31.0, /m/09x0r
67t_UJJHGeM,120.0,130.0," /m/04rlf,/t/dd00128"
692mavh5b3o,30.0,40.0," /m/0342h,/m/04rlf,/m/04szw,/m/07s0s5r,/m/0fx80y"
6DWdZg03ICM,490.0,500.0," /m/09x0r,/t/dd00129"
6Hgnui1Z-hg,30.0,40.0," /m/02mk9,/m/09x0r"
6NYe_v1dHMw,27.0,37.0," /m/07r04,/m/07yv9,/m/09x0r"
6VnCQbJBhGQ,540.0,550.0," /m/03lty,/m/04rlf"
6wtFR6HPLNg,130.0,140.0," /m/07yv9,/m/0k4j"
6xHEIu9xbjo,30.0,40.0," /m/04rlf,/m/09x0r"
6yKhDBiLnAs,22.0,32.0, /m/09x0r
79XzJ7h65pI,30.0,40.0, /m/04rlf
7BIcVOxizOg,30.0,40.0, /m/04rlf
7CYPVG7Iols,220.0,230.0," /m/01xqw,/m/04rlf,/m/04szw,/m/0l14_3"
7JUV6ejWsKQ,30.0,40.0," /m/03_d0,/m/04rlf"
7LDMN0g-M_k,370.0,380.0," /m/04rlf,/m/04szw,/m/05148p4,/m/05r5c"
7N0jHsBSkf0,30.0,40.0, /m/09x0r
7P9gm1PjzE8,220.0,230.0," /m/01s0ps,/m/05148p4,/m/05r5c"
7Wak1o2xXPs,20.0,30.0, /m/0dl83
7dliI63ERpw,30.0,40.0, /m/04rlf
7exsEcLHarg,30.0,40.0," /m/04rlf,/m/09x0r"
7kUcj9K2_dA,30.0,40.0," /m/02zsn,/m/09x0r"
7lYsj1C2P0k,30.0,40.0, /m/09x0r
7oY4rNZiRzs,0.0,10.0," /m/09x0r,/t/dd00126"
7s0wI4cd3Jk,30.0,40.0, /m/09x0r
7tuh6d_lcgw,150.0,160.0," /m/015lz1,/m/02p0sh1,/m/0342h,/m/04rlf,/m/04szw,/m/07xzm,/m/0fx80y"
88u39idl-Os,4.0,14.0, /m/09x0r
8GrZtd3pF6A,30.0,40.0," /m/02lkt,/m/04rlf,/m/07s72n"
8Iy24BSOD2Q,21.0,31.0," /m/025td0t,/m/04rlf,/m/09x0r"
8R2NKo_QxyE,18.0,28.0, /m/09x0r
8RUI1f2PQNc,30.0,40.0," /m/04rlf,/m/09x0r"
8TBEamSjzXY,30.0,40.0," /m/03mb9,/m/04rlf"
8W84isFyZ4g,30.0,40.0, /m/04rlf
8_pGjHsvO2U,240.0,250.0," /m/028v0c,/t/dd00125"
8f-BCz2Tp0w,210.0,220.0," /m/04rlf,/m/09x0r,/t/dd00126"
8g74blbW6FM,30.0,40.0," /m/03k3r,/m/04rlf,/m/07q5rw0,/m/07rv9rh,/m/09x0r,/m/0jbk"
8l1EDZRx6rM,30.0,40.0," /m/04rlf,/m/0l14gg"
8mS6KUvns5g,340.0,350.0," /m/028v0c,/m/09x0r"
8mcDnxzkeKE,6.0,16.0, /m/04rlf
8myyMoR2IeM,30.0,40.0, /m/0cj0r
8nGLI3mtpJk,160.0,170.0, /m/04rlf
8qE_IDEteNo,270.0,280.0," /m/04rlf,/m/09x0r,/t/dd00125"
8thl9JE6eOE,30.0,40.0, /m/01c194
93ePx0w3fUo,30.0,40.0, /m/09x0r
93n-p-fh9yM,30.0,40.0," /m/04rlf,/m/0m0jc"
95CZHshnsMg,30.0,40.0, /m/09x0r
98iQe_UZ-Fc,270.0,280.0, /m/09x0r
9DGNlxqJEK4,30.0,40.0," /m/02lkt,/m/04rlf,/m/07gxw"
9KDEge3PaIM,30.0,40.0, /m/09x0r
9TveYVzTCgo,320.0,330.0," /m/07p9k1k,/m/07ptfmf,/m/0dxrf"
9W7UTR-oddA,30.0,40.0," /m/01jnbd,/m/04rlf"
9ZwPvBLiadY,50.0,60.0," /m/04rlf,/m/04szw,/m/0l14j_"
9_AdiGNxqk0,30.0,40.0," /m/04rlf,/m/07sbbz2"
9j2S1uAsYr8,30.0,40.0," /m/04rlf,/m/04szw,/m/07y_7"
9k-BqPbGuq4,30.0,40.0, /m/09x0r
9lVFjvOJ7Ek,380.0,390.0," /m/026t6,/m/02hnl,/m/04rlf"
9n2IzGubrKA,30.0,40.0," /m/04rlf,/m/064t9"
9urBm5gQ_Gs,120.0,130.0," /m/028sqc,/m/04rlf,/m/09x0r,/m/0dxrf,/t/dd00128"
9wsqa5iuvUk,580.0,590.0," /m/04rlf,/m/06ncr"
9y6BOWnJo0g,30.0,40.0," /m/02lkt,/m/04rlf"
A3-2JdbxyCE,30.0,40.0, /m/09x0r
A7-up4iRT_0,30.0,40.0," /m/04rlf,/m/04szw,/m/07y_7"
A829bHpPJco,30.0,40.0," /m/04rlf,/m/0fx80y"
AAWYiEGQM-I,30.0,40.0," /m/04rlf,/m/09x0r"
AF6mWCsk4j4,30.0,40.0," /m/07r04,/m/07yv9,/m/09x0r"
AHCF1oThbB0,120.0,130.0, /m/09x0r
AIQa26Hc-Gs,180.0,190.0," /m/04rlf,/m/04szw,/m/05r5c,/m/09x0r,/m/0l14md"
AIWZHeevP5A,320.0,330.0, /m/06mb1
AJz1TGBHmLQ,80.0,90.0, /m/02x984l
AN7vYCJjiyE,30.0,40.0," /m/04_sv,/m/07yv9,/m/09x0r"
A_tBTdvg8E4,40.0,50.0, /m/04rlf
AgO6i7DNGlU,30.0,40.0," /m/04rlf,/m/09x0r"
AoXhgvetpxc,290.0,300.0," /m/09x0r,/t/dd00125"
AphQhH5hBCU,260.0,270.0," /m/04rlf,/m/04szw"
AqVX-58XDgk,30.0,40.0, /m/09x0r
AsTnnhj-_jU,200.0,210.0, /m/09x0r
AxVHGR0AEH4,80.0,90.0, /m/09x0r
Aymhrgsb854,260.0,270.0, /m/07gxw
B16v6eZb1AU,30.0,40.0, /m/09x0r
B5e9jSXhTQc,30.0,40.0," /m/0342h,/m/04rlf,/m/04szw,/m/0fx80y"
BA5CEeFBn3M,30.0,40.0, /m/04rlf
BAtFJi6S-7c,30.0,40.0," /m/012n7d,/m/04qvtq,/m/07yv9"
BC8dL8_80YM,80.0,90.0, /m/01jt3m
BDE782V2OIM,30.0,40.0," /m/04rlf,/m/06h7j,/m/09x0r"
BINwo1MDS24,250.0,260.0," /m/04rlf,/m/07yv9,/m/09x0r,/m/0k4j"
BJ8tu4gVrkE,100.0,110.0, /m/028v0c
BJAC3JpUOns,30.0,40.0, /m/09x0r
BKi5w1LdlCI,100.0,110.0, /m/09x0r
BL9CSh7JOtY,10.0,20.0," /m/04rlf,/m/06bxc"
BLkcGdLdezc,30.0,40.0," /m/04rlf,/m/09x0r"
BMWN5t8lbLE,100.0,110.0," /m/04rlf,/t/dd00125"
BMX-8YIZ6zc,30.0,40.0, /m/04rlf
BNf_SccXxV8,30.0,40.0," /m/04rlf,/m/09x0r"
BNhd_6s3udQ,30.0,40.0," /m/04rlf,/m/09x0r"
BOLZFYhrgTc,30.0,40.0," /m/04rlf,/m/09x0r,/m/0ggq0m"
BOiyIKkbjb4,30.0,40.0," /m/09x0r,/m/0jbk,/t/dd00129"
BOkGgGgtuo0,340.0,350.0, /t/dd00125
BOyhXSaAf8M,30.0,40.0, /m/09x0r
BPG54Yata5Q,30.0,40.0," /m/04rlf,/m/07s72n"
BPqLopEeNjU,30.0,40.0, /m/07qwyj0
BPrJlf-eDA0,220.0,230.0," /m/01kcd,/m/04rlf,/m/05pd6,/m/0ggq0m"
BQXVXp857YU,30.0,40.0," /m/026z9,/m/04rlf,/m/09x0r"
BQatj1LZ45s,90.0,100.0," /m/04rlf,/m/05pd6"
BQhXp25D6b4,30.0,40.0," /m/04rlf,/m/09x0r"
BQpPtqbvLok,30.0,40.0," /m/07q2z82,/m/07yv9,/m/09x0r,/m/0k4j"
BQyp7XXggHY,30.0,40.0," /m/02qldy,/m/05zppz,/m/09x0r"
BR0iJbxKvRU,240.0,250.0," /m/02lkt,/m/04rlf,/m/09x0r"
BRJ5V2x-HwM,30.0,40.0," /m/04rlf,/m/09x0r"
BYqU8i7WP10,50.0,60.0," /m/0y4f8,/m/0z9c"
BjLqOn28WM8,540.0,550.0," /m/02lkt,/m/04rlf"
BjTEIlmj3qo,240.0,250.0," /m/015lz1,/m/04rlf"
BjnRo_ylf7Y,200.0,210.0," /m/07r04,/m/07yv9"
BmBido0MLFk,30.0,40.0," /m/02mk9,/t/dd00067,/t/dd00130"
BmJQ94NuVbA,60.0,70.0," /m/03qtwd,/m/04rlf"
BrvImZROtgQ,30.0,40.0," /m/04rlf,/m/09x0r"
C-WCVKgiGJE,170.0,180.0," /m/015p6,/m/020bb7,/m/07pggtn"
C4zjE_LjOFE,360.0,370.0, /m/09x0r
C93xApfEnRg,30.0,40.0," /m/04rlf,/m/07m2kt"
CA2DzxQc8bE,30.0,40.0, /m/04rlf
CBmGYSOoeto,160.0,170.0," /g/122z_qxw,/m/09x0r,/m/0g6b5,/t/dd00128"
CFKyKao6wmk,150.0,160.0, /m/07pbtc8
CJK7yBo-Ntg,30.0,40.0, /m/04rlf
CQHzMm9V9Ws,30.0,40.0," /m/04rlf,/m/09x0r"
CTBRq6F1cjc,120.0,130.0," /m/04rlf,/m/04szw,/m/0dwsp,/m/0l14md"
CUct5pHGqrA,30.0,40.0, /m/09x0r
CVZHLiqnd3Q,30.0,40.0, /m/04rlf
CXykmTFFaPA,30.0,40.0, /m/09x0r
ClD7NvXii7Q,80.0,90.0," /m/04rlf,/m/06_fw"
ClkhxIYUY4Q,30.0,40.0, /m/07yv9
CmgWyoNh_LU,30.0,40.0, /m/09x0r
CnKXObgxT2w,170.0,180.0, /m/09x0r
Cnohabll5xQ,30.0,40.0, /m/09x0r
CpYNS8ja80Y,210.0,220.0, /m/09x0r
Cpqg593xUT0,30.0,40.0, /m/09x0r
Ct2rPQUqpdQ,30.0,40.0," /m/02qldy,/m/02zsn,/m/09x0r"
Ctzcl0YZpzs,24.0,34.0, /m/019jd
Cvk7CIyfcDo,30.0,40.0, /m/04rlf
Cw_3WsXMtCo,30.0,40.0, /m/04rlf
Cw_p0y7rZxk,270.0,280.0, /m/09x0r
CxbueClXzLU,30.0,40.0," /m/04rlf,/t/dd00035"
Cz4nIHIml-Q,0.0,10.0," /m/02mk9,/m/07q2z82,/t/dd00067"
CzIXFjdnflw,0.0,4.0, /m/07qwdck
CzTODjanfGk,30.0,40.0," /m/04rlf,/m/09x0r"
CzX6fr7pAw0,27.0,37.0," /m/04cvmfc,/m/0jbk"
Czvy18rlz_A,30.0,40.0," /m/04rlf,/m/09x0r"
CzwIpqAgLmE,30.0,40.0," /m/04rlf,/m/09x0r"
D-1ufPuXdEM,30.0,40.0, /m/09x0r
D-PyDHvBq30,70.0,80.0, /m/09x0r
D-ufb6xjiBs,0.0,8.0, /m/09x0r
D0x1TpXfTwI,30.0,40.0," /m/04rlf,/m/09x0r"
D10fHZuuNTM,30.0,40.0, /m/04rlf
D1GD5S3x8MY,180.0,190.0," /m/0140xf,/m/02mscn,/m/04rlf,/t/dd00003"
D1GvEylgPa0,60.0,70.0," /m/02lkt,/m/04rlf,/m/07gxw,/m/07lnk,/m/0m0jc"
D1O3Jz9E0dg,30.0,40.0, /m/09x0r
D1Q-ikhoPcs,0.0,10.0," /m/034srq,/m/05kq4"
D1VWEj3oMBU,30.0,40.0," /m/04rlf,/m/09x0r"
D1bst-wPWM8,20.0,30.0," /m/02zsn,/m/09x0r,/m/0jbk"
D1jk5OxuOB0,70.0,80.0, /m/09x0r
D1qB3g8YyCU,100.0,110.0," /m/0316dw,/m/09x0r"
D1uL0I3cFQ8,0.0,10.0, /m/07yv9
D1vfisMNLiE,30.0,40.0, /m/04rlf
D1wYokrLsZ0,410.0,420.0," /m/04rlf,/m/05r5c"
D2JyK4YGcHs,330.0,340.0," /m/020bb7,/m/06_y0by"
D2K_ZF9sN7M,20.0,30.0," /m/07r04,/m/07yv9"
D2Nn54mb_t0,30.0,40.0," /m/09x0r,/t/dd00129"
D2Vl0sxSg4E,140.0,150.0," /m/04rlf,/m/04szw,/t/dd00126"
D2uL2j2uqTI,30.0,40.0," /m/02qldy,/m/05zppz,/m/09x0r"
D35jzg6jokw,30.0,40.0, /m/07qcpgn
D3B_fDc9-UA,30.0,40.0, /m/09x0r
D3NO-hFptII,160.0,170.0, /m/0l14t7
D3k2zv2rqBI,30.0,40.0, /m/09x0r
D3od8lOmaXA,30.0,35.0, /m/09x0r
D4jQWw64jUg,30.0,40.0, /m/09x0r
D59Y0elpuQk,30.0,40.0," /m/04rlf,/m/0mkg"
DD4cjt--_wA,30.0,40.0, /m/04rlf
DJ-_eMVr1fg,30.0,40.0," /m/02qldy,/m/05zppz,/m/09x0r"
DWWHo5nwwWM,25.0,35.0," /m/02lkt,/m/04rlf,/m/07gxw"
DXkOD2OuGsU,150.0,160.0," /m/04rlf,/m/0l14md"
DaDEOc-Fq8g,30.0,40.0, /m/04rlf
DhsIi4JNUdQ,30.0,40.0," /m/04rlf,/m/0l14jd"
Dm1ZmRNHNsU,30.0,40.0, /m/09x0r
DoK87P1GMAw,150.0,160.0," /m/026fgl,/m/0f8s22"
DwaVtKkJCN0,310.0,320.0," /m/02z32qm,/m/09x0r"
Dxb2agCz48I,30.0,40.0, /m/09x0r
E46KojW80no,170.0,180.0," /m/0326g,/m/04rlf"
ECaHIlk40PM,30.0,40.0," /m/04rlf,/m/09x0r"
ECuehoZAKGM,6.0,16.0, /m/09x0r
ED8DHBfi09M,30.0,40.0," /m/02zsn,/m/09x0r"
EDfJp4Nt8UY,8.0,18.0, /m/04rlf
EELWiGYUbm4,60.0,70.0," /m/07k1x,/m/09x0r"
EG13MqwCWx0,30.0,40.0, /m/04rlf
EVeobO_i16E,30.0,40.0," /m/026t6,/m/02hnl,/m/03t3fj,/m/06rvn,/m/0bm02,/m/0l14md"
EXlVBCefoo0,70.0,80.0, /m/04rlf
EdLowY-vg6o,30.0,40.0, /m/04rlf
EfboQKCFJ2c,0.0,10.0," /m/0bt9lr,/m/0jbk"
EgE1Lsho86U,30.0,40.0," /m/06bz3,/m/09x0r,/t/dd00125"
Eggy7GlpO8I,180.0,190.0, /m/04rlf
EhAne-As4I0,30.0,40.0, /m/04rlf
EovfvohgEJo,120.0,130.0," /m/01hgjl,/m/04rlf,/m/0glt670"
ErJlXrnh_JI,60.0,70.0," /m/02lkt,/m/04rlf,/m/0mbct"
Erf5SVlvyqM,25.0,35.0," /m/07jdr,/m/07yv9,/t/dd00128"
EtWUJy8uKRg,30.0,40.0, /m/07yv9
EtfvHHCD0uM,140.0,150.0," /m/0319l,/m/04rlf"
F29npyhpOc8,570.0,580.0," /m/04rlf,/m/05pd6,/m/09x0r,/t/dd00126"
F86i3akqkb8,30.0,40.0, /m/04rlf
F87Gex2nQEg,30.0,40.0," /m/04rlf,/m/06cqb"
FAHa35exwrI,570.0,580.0," /m/04rlf,/m/05r6t,/m/06by7"
FD097T7O38Y,30.0,40.0," /m/04rlf,/m/0gg8l"
FFibrWWWTA8,30.0,40.0," /m/01kcd,/m/06ncr,/m/07gql"
FHVuVVHlUmM,30.0,40.0, /m/09x0r
FI3GVFsW3Ag,530.0,540.0," /m/07yv9,/m/0k4j"
FLHmWmuxuCU,30.0,40.0," /m/04rlf,/m/0m0jc"
FPKg7-agqAQ,30.0,40.0, /m/09x0r
FScw5-WGVOo,20.0,30.0," /m/019jd,/m/02mk9,/m/07yv9,/m/09x0r"
FT3YbbXRLRs,30.0,40.0," /m/04rlf,/m/05r6t,/m/09x0r"
FdTVUphHEeM,30.0,40.0," /m/018vs,/m/01glhc,/m/02sgy,/m/04rlf,/m/06w87"
FeTWec9XT-I,30.0,40.0," /m/04rlf,/m/09x0r"
FfUZ0ZoDLV0,30.0,40.0, /m/04rlf
Fj0_gSR3cvg,210.0,220.0," /m/018w8,/m/09x0r"
Fli8wjBFV2M,230.0,240.0, /m/0395lw
FoNB2I3YjjM,30.0,40.0, /m/09x0r
FouZrAqtFss,0.0,10.0," /m/07yv9,/m/0k4j"
Fr1LCwg81-U,50.0,60.0, /m/09x0r
Fs709wAvuro,310.0,320.0, /m/09x0r
Fvs1t_B2uf0,30.0,40.0," /m/04rlf,/m/09x0r"
Fwo-ngf8y-Y,250.0,260.0, /m/04rlf
Fy4JMXzxwz8,110.0,120.0," /m/07yv9,/m/0k4j,/m/0ltv,/t/dd00128"
G12rS0vRWKE,30.0,40.0, /m/07pxg6y
G52wVwwmibw,110.0,120.0," /m/0j2kx,/m/0j6m2"
G64QH_Waw-I,80.0,90.0, /m/04brg2
G6J6kh0wr_o,590.0,600.0," /m/07yv9,/t/dd00066,/t/dd00126"
GCwQC7tsS20,30.0,40.0, /m/04rlf
GGgakIkmgFA,30.0,40.0," /m/04rlf,/m/04szw"
GILFxUu87Kg,120.0,130.0, /m/02cz_7
GO8LhUN-0AU,30.0,40.0, /m/09x0r
GTROH2XhttY,30.0,40.0, /m/09x0r
GbIt7LOtpSY,30.0,40.0," /m/01kcd,/m/03_d0,/m/04rlf,/m/04szw,/m/05r5c,/m/07c6l"
GdwHgdjBe4o,30.0,40.0," /m/0283d,/m/04rlf"
GolAGQutD94,30.0,40.0," /m/01v1d8,/m/04rlf"
GrwxZW7EcSs,30.0,40.0, /m/09x0r
GtezP71TL8s,30.0,40.0, /m/04rlf
GuwgfVDpY2g,420.0,430.0, /m/0150b9
GyWwbgq8ut8,60.0,70.0," /m/09x0r,/t/dd00126"
H2dEZivFCq0,5.0,15.0, /m/09x0r
H3DHmZMJh5o,30.0,40.0," /m/02rlv9,/m/07yv9"
H3iZ3rk5ZWk,30.0,40.0," /m/04rlf,/m/04szw,/m/07y_7"
H4YHTUBkcyM,30.0,40.0," /m/04rlf,/m/09x0r"
H8ap0ktP1Ps,100.0,110.0," /m/04_sv,/m/04rlf,/m/07yv9,/m/09x0r"
HAjO2ogOmX8,30.0,40.0, /m/04rlf
HCBgUBWrxeg,30.0,40.0," /m/015p6,/m/0jbk"
HE5VMjpQFnI,30.0,40.0," /m/04rlf,/m/09x0r"
HFNo1orZyfE,270.0,280.0," /m/07r04,/m/07yv9"
HFQSZKVPIV0,30.0,40.0," /m/01jwx6,/m/02mk9,/m/07pb8fc,/t/dd00066"
HM-A6tehdmY,30.0,40.0," /m/03m9d0z,/t/dd00092"
HOgluCnTAsc,0.0,10.0, /m/09x0r
HSc8FT9mvnI,16.0,26.0, /m/07qcpgn
HUfTrnZ-RSk,30.0,40.0, /m/04rlf
Ha6DtZ2jRlI,30.0,40.0, /m/04rlf
Ham-8fzIoR4,21.0,31.0," /m/07yv9,/m/0k4j"
He3NSKBB1NE,30.0,40.0," /m/07qjznt,/m/09x0r"
HhLUHFnm3h8,370.0,380.0, /m/025td0t
Hjc12WNxagw,100.0,110.0," /m/04rlf,/m/06bxc,/m/0glt670"
Ht0SfXXVeAQ,290.0,300.0," /m/01hnzm,/m/04rlf"
Hy3epQHuTis,30.0,40.0, /m/07yv9
I0cp1SlHt3c,60.0,70.0," /m/012f08,/m/012ndj,/m/03kmc9,/m/07r04,/m/07yv9"
I2ggIHVTgjs,550.0,560.0, /m/0fd3y
I9-8EaLPn3c,30.0,40.0, /m/09x0r
INiyE-jIOZ8,30.0,40.0, /m/09x0r
IOyTy77vqKY,20.0,30.0," /m/04rlf,/m/0glt670,/m/0mkg"
ITL7O71kiss,30.0,40.0, /m/09x0r
IWS-hbT01D0,550.0,560.0," /m/04rlf,/m/04szw,/m/0l14_3"
IWXwY3Up09c,470.0,480.0," /m/04rlf,/m/0llzx"
IWzMXkGCOjw,150.0,160.0," /m/07yv9,/m/0cmf2"
IZjp4g5t_vo,170.0,180.0, /m/04rlf
I_r7JoVflkI,30.0,40.0," /m/026t6,/m/02hnl,/m/04rlf,/m/04szw,/m/0bm02"
IdM1IzbJOxc,6.0,16.0," /m/07yv9,/m/09ct_"
IiAOcmmE67Y,30.0,40.0," /m/04rlf,/m/04szw,/m/07y_7"
Ijhr42xyF58,50.0,60.0," /m/09x0r,/t/dd00128"
Ik9zG10n-wI,30.0,40.0," /m/07yv9,/m/0k4j"
Ivr-ruD7WX0,30.0,40.0, /m/09x0r
J60B0GX-Zro,21.0,31.0," /m/04rlf,/m/09x0r"
J9dmpIm87bs,370.0,380.0," /m/09x0r,/t/dd00125"
JAkzZWfZiOM,30.0,40.0, /m/04rlf
JDripDCSd-I,30.0,40.0, /m/09x0r
JMu5ggItXAI,130.0,140.0," /m/02sgy,/m/04rlf,/m/06ncr"
JTDe2G1VAx4,110.0,120.0," /m/07yv9,/m/09x0r,/m/0k4j,/t/dd00128"
J_ty6b0izEU,10.0,20.0, /m/04rlf
JbWVZd_9LFM,10.0,20.0," /m/04rlf,/m/0glt670"
JdMKBPQJNYE,30.0,40.0, /m/09x0r
Je51EgykRSw,30.0,40.0, /m/04rlf
JgPDTQqQcng,30.0,40.0," /m/04rlf,/m/04szw,/m/07y_7,/m/09x0r"
Jhqvv9VKFkk,10.0,20.0, /m/09x0r
JlYvXIxjsLg,10.0,20.0," /m/09x0r,/t/dd00126"
JuInhtrb6dI,30.0,40.0, /m/09x0r
K-TjW8HcSU4,370.0,380.0," /m/01lyv,/m/04rlf,/m/09x0r,/m/0gg8l"
K-eK29FVk70,170.0,180.0," /m/04rlf,/m/04szw,/m/0l14j_"
K-yISV938AI,180.0,190.0, /m/09x0r
KBiLTBeABsQ,50.0,60.0," /m/02cjck,/m/03lty,/m/04rlf,/m/06by7"
KDaxCJRI5bw,30.0,40.0," /m/04rlf,/m/09x0r"
KG31eTTgi14,230.0,240.0, /m/09x0r
KHqamCekYYY,30.0,40.0," /m/0164x2,/m/04rlf,/m/0g293,/m/0glt670"
KIwpB_tdegY,30.0,40.0," /m/04rlf,/m/09x0r"
KNyQHL9LGJ0,290.0,300.0," /m/02fxyj,/m/04rlf"
KS121ChsDfY,17.0,27.0, /m/09x0r
KSXtTpc4-BY,30.0,40.0," /m/0912c9,/m/09x0r,/t/dd00125"
KSgr62g_1G4,0.0,10.0," /m/04rlf,/m/09x0r"
KZzRkFsUvsM,30.0,40.0," /m/01v1d8,/m/04rlf"
Kc8RfkDSbfE,0.0,10.0," /m/07yv9,/m/0k5j"
Kg31govcaEU,30.0,40.0," /m/02p0sh1,/m/04rlf,/m/04rzd"
KkK8GVYY2Fg,30.0,40.0," /m/04rlf,/m/04szw,/m/07y_7"
Kl1TWLjHBVY,30.0,40.0," /m/04rlf,/m/09x0r"
Kl2c_-L9ga8,90.0,100.0, /m/018w8
KmvXmIcU0x0,60.0,70.0," /m/015lz1,/m/04rlf"
KqGvfZPETjo,30.0,40.0, /m/09x0r
KqinredHpxI,30.0,40.0, /m/04rlf
KwbdqifR5uE,0.0,10.0," /m/0342h,/m/04rlf,/m/04szw,/m/07xzm,/m/0fx80y"
L1N2XMgiN1I,100.0,110.0," /m/03vt0,/m/04rlf"
L2NJDMXdC3Y,60.0,70.0," /m/04rlf,/m/09x0r"
L4LOezqCmc8,10.0,20.0, /m/04rlf
L8B7pMHhDd8,30.0,40.0," /m/04rlf,/m/0h0rv,/t/dd00129"
LAnLq0qql2o,180.0,190.0," /m/04rlf,/m/04szw,/m/085jw"
LBP1oP3BDBE,4.0,14.0," /m/07pjjrj,/m/09x0r"
LDokNRYtkTc,30.0,40.0, /m/09x0r
LEX93L9I6uI,190.0,200.0," /m/012f08,/m/07yv9,/m/09x0r,/m/0k4j,/m/0ltv,/t/dd00128"
LExyhobvpxg,6.0,16.0, /m/09x0r
LF7z1OEF8Ec,20.0,30.0," /m/07yv9,/t/dd00065"
LFy8oP0g1cM,30.0,40.0," /m/04rlf,/m/09x0r"
LJ0sLxl4y3s,30.0,40.0, /m/09x0r
LJxDfpGmA1Q,180.0,190.0," /m/01rd7k,/m/025rv6n,/m/07svc2k"
LPHUqbB7N2c,30.0,40.0," /m/04rlf,/t/dd00003"
LQ8wGv7Kb14,30.0,40.0, /m/09x0r
LTKOJeggc1w,280.0,290.0," /m/03q5t,/m/04rlf"
LUGWSXsPh_U,30.0,40.0," /m/04rlf,/m/04szw,/m/07y_7"
LXb7bIrNGXo,60.0,70.0, /m/04rlf
LY2hgdCet3I,70.0,80.0," /m/015lz1,/m/04rlf,/m/064t9"
LYmdmOQwHL4,400.0,410.0, /m/09x0r
LZ1sOkGCGcM,30.0,40.0," /m/015p6,/m/09x0r"
L_tPeeMCxHI,260.0,270.0," /m/026t6,/m/04rlf,/m/04szw,/m/09x0r,/m/0ggq0m"
LaNIkU45zPQ,30.0,40.0, /m/04rlf
Lg5wUuKjnXc,30.0,40.0, /m/09x0r
LhNGkAuoW1E,100.0,110.0," /m/04rlf,/m/04szw,/m/09x0r"
LhsnmpK0xkQ,490.0,500.0," /m/09x0r,/t/dd00125"
Lm0WAaoBebc,240.0,250.0," /m/015lz1,/t/dd00004"
Lme-eegUWsU,0.0,10.0," /m/04rlf,/m/08p9q4"
Lo-V5knwm80,30.0,40.0, /m/09x0r
LpGEeO8S4lo,30.0,40.0, /m/09x0r
LzsObE_dBS4,60.0,70.0," /m/019jd,/m/03m9d0z,/m/06q74,/t/dd00092"
LzsOrnTxr-0,200.0,210.0," /m/07yv9,/m/0k4j"
M0wMTR-jiiU,23.0,33.0, /m/04rlf
M6zeVMIcC30,27.0,37.0," /m/04rlf,/m/09x0r"
M8a7DAniBpw,410.0,420.0," /m/07k1x,/m/09x0r"
MByselXPAY0,30.0,40.0," /m/04rlf,/m/04szw,/m/07y_7,/m/09x0r"
MCMRQbGNXzo,30.0,40.0," /m/04rlf,/m/09x0r"
MDSenuxBZZY,30.0,40.0, /m/09x0r
MFEAViQ3CFA,1.0,11.0, /m/09x0r
MGr31o66tTc,550.0,560.0," /m/03_d0,/m/04rlf"
MH8Y1IiD9nc,0.0,10.0, /m/04rlf
MOV1oBlyYpU,160.0,170.0," /m/015p6,/m/09x0r"
MQMLVZxskFM,30.0,40.0, /m/04rlf
MT3411skmhw,30.0,40.0, /m/09x0r
MVVVffbN-yw,30.0,40.0," /m/015p6,/m/0h0rv,/t/dd00128"
MZQvBsNTb7g,30.0,40.0," /m/03m9d0z,/t/dd00092"
MicBBBhAE7g,0.0,8.0," /m/04rlf,/m/09x0r"
MmQfqonU3FM,14.0,24.0," /m/04rlf,/m/09x0r"
MnerL5WBB2M,20.0,30.0, /m/09x0r
MwEBnn4jbBc,30.0,40.0," /m/04rlf,/m/09x0r"
NJRXA7FJfCk,360.0,370.0," /m/04rlf,/m/07qfr4h,/m/09x0r,/t/dd00126"
NRt7o226pQY,240.0,250.0, /m/03w41f
NRtfBEL2rwA,30.0,40.0," /m/04rlf,/m/05pd6"
NShSpm_7ywE,160.0,170.0," /m/02sgy,/m/0342h,/m/04rlf,/m/04szw,/m/0fx80y"
NUMnPxvgfDg,570.0,580.0," /m/06bz3,/m/09x0r"
NWZNlakWtlA,5.0,15.0," /m/01yrx,/m/068hy,/m/07qrkrw"
NaPlpRLAqAE,440.0,450.0," /m/02lkt,/m/04rlf,/m/08cyft"
NakoNeEw_AA,0.0,10.0, /m/07yv9
NlNMgLlnjPA,510.0,520.0," /m/0dwsp,/m/0dwtp,/m/0j45pbj"
NsMXzxAq9QA,490.0,500.0," /m/03qtwd,/m/04rlf,/m/09x0r"
Nva3UCKGuco,60.0,70.0, /m/05kq4
O-oJUa8wV5I,30.0,40.0, /m/09x0r
O1D8y3e_cKs,30.0,40.0, /m/04rlf
O6zwJByY7Rs,30.0,40.0, /m/09x0r
OAIeEamwwYY,15.0,25.0, /m/09x0r
OAkqJu29-9g,30.0,40.0, /m/04rlf
OHJDtmjrCYM,250.0,260.0, /m/032s66
OIHodfmMkQE,90.0,100.0," /m/09x0r,/t/dd00125"
OcuZ5WAKogY,25.0,35.0, /m/09x0r
OjIHN7DlaKU,24.0,34.0, /m/09x0r
OkM1AM81Nhs,30.0,40.0, /m/09x0r
OlyZvrGzq5c,29.0,39.0, /m/09x0r
OvNCZpUyKwM,510.0,520.0, /m/0316dw
P0piYeg4R2Q,510.0,520.0, /m/026z9
PA0Lk-3heOI,50.0,60.0," /m/019jd,/m/03m9d0z,/m/0hsrw,/t/dd00092"
PFXjYR_X4rw,28.0,38.0, /m/09x0r
PGs1rdDgqVY,80.0,90.0, /m/09x0r
PXnzhGJctVA,160.0,170.0," /m/04rlf,/m/09x0r,/t/dd00127"
P_L61DULUWo,230.0,240.0, /m/09x0r
PddI5buFpVQ,520.0,530.0, /m/09x0r
PeJqJfek9xw,210.0,220.0," /m/015lz1,/m/04rlf,/m/064t9"
PgUTGgpU1cs,10.0,20.0, /m/07pb8fc
Q0HlWgc2JDQ,150.0,160.0," /m/03_d0,/m/04rlf,/m/04szw,/m/07c6l"
QJnuahHTARg,9.0,19.0," /m/014zdl,/m/07pxg6y"
QaQ4K3eRAcI,0.0,10.0," /m/04rlf,/m/07c6l"
Qb04wAv0c_4,270.0,280.0, /m/09x0r
QcGpyXhIENI,80.0,90.0," /m/02p3nc,/m/02zsn,/m/09x0r"
QdmFkhWo7FY,30.0,40.0," /m/04rlf,/m/09x0r"
Qe3ieoYnCHk,30.0,40.0," /m/04rlf,/m/09x0r"
QeDxVI44Iig,30.0,40.0, /m/09x0r
QfILH7zmFxk,290.0,300.0," /m/07pzfmf,/m/09x0r"
Qs0_QTTXrw0,90.0,100.0," /m/04rlf,/m/06cqb"
QtGBWv2fJCg,30.0,40.0, /m/09x0r
Qw_GUzotJCE,200.0,210.0," /m/0l7xg,/t/dd00077"
Qy2uQpgmrS8,30.0,40.0, /m/07rgkc5
QzjKKPtTgo8,230.0,240.0," /m/01j3sz,/m/09x0r,/m/0lyf6"
RCFIwSx-nPs,30.0,40.0," /m/01c194,/m/04rlf"
RDY5yTpq4Ys,30.0,40.0," /m/04rlf,/m/09x0r"
RNBoH2LHQEM,370.0,380.0, /m/028ght
RO1BFNiFSnA,30.0,40.0," /m/04rlf,/m/09x0r"
ROs9tgfnIZA,220.0,230.0," /m/0342h,/m/042v_gx,/m/04rlf,/m/04szw,/m/09x0r,/m/0fx80y"
RR3793KAltA,5.0,15.0, /m/09x0r
RTvIONM3rO8,140.0,150.0," /m/019jd,/m/05kq4,/m/07yv9,/m/09x0r,/m/0hsrw"
RgDZX9stlMs,30.0,40.0, /m/09x0r
Rk2WE9gLCpA,120.0,130.0," /m/01jwx6,/m/02mk9,/m/07yv9,/m/0k4j"
RlAKG2EAsMY,30.0,40.0, /m/09x0r
RlQVos96EQU,400.0,410.0," /m/04rlf,/m/0l14qv"
RqGuF1G32dI,20.0,30.0, /m/01wy6
RxR7C_sRPcM,110.0,120.0, /m/05lls
S4r1lRHFQzk,30.0,40.0, /m/09x0r
S53-j0--rww,280.0,290.0," /m/04rlf,/t/dd00125"
SGU--Mw-_-c,30.0,40.0," /m/04rlf,/m/09x0r"
SJws8LT72OA,550.0,560.0, /m/03w41f
SVT3K6WAO5I,30.0,40.0, /m/09x0r
S_mYYouiX9A,24.0,34.0, /m/012ndj
SfIVIXt5Rbw,30.0,40.0," /m/04rlf,/m/07sbbz2"
SfWXqu_Nb0Y,50.0,60.0," /m/02mscn,/m/04rlf"
ShEWQR7G0ww,30.0,40.0, /m/04rlf
Si-z9L7mUeE,30.0,40.0," /m/09x0r,/m/0jbk"
Solxy78SyqY,140.0,150.0, /m/09x0r
SutAIgEZh0s,50.0,60.0, /m/04rlf
SwMmb9ubses,140.0,150.0," /m/04rlf,/m/0g293,/t/dd00003"
Sz33j6DcsxQ,30.0,40.0, /m/09x0r
T0Ra4vjM7dY,40.0,50.0, /m/04rlf
T45200i_RHg,110.0,120.0, /m/06bxc
TBq-UUxzwgM,30.0,40.0," /m/04rlf,/t/dd00128"
TCuCfXuA3tg,150.0,160.0, /m/0ytgt
TFC1byUVX5w,130.0,140.0, /m/09x0r
TSJhp0tdyGQ,200.0,210.0," /m/04rlf,/m/07y_7"
TTgg982ZTlc,60.0,70.0," /m/06mb1,/m/07r10fb,/t/dd00038"
TYLIZ_UKPuw,21.0,31.0," /m/04rlf,/m/09x0r"
TcX1HNe_6k8,230.0,240.0," /m/02rr_,/m/0342h,/m/04rlf,/m/04szw,/m/09x0r"
Temj3FiAtWY,90.0,100.0," /m/04_sv,/m/07yv9,/m/09x0r"
Tg1OqJzJSno,30.0,40.0," /m/04rlf,/m/09x0r"
TgGTt2Xn5cc,50.0,60.0," /m/09x0r,/t/dd00126"
TljBepg9zSk,10.0,20.0," /m/04rlf,/t/dd00125"
TvqFdr9uW2k,30.0,40.0," /m/02lkt,/m/04rlf,/m/07s72n"
U-4TwMaLUQA,510.0,520.0, /m/09x0r
U-s8ozLPy0o,510.0,520.0," /m/04rlf,/m/09x0r,/t/dd00125"
U59riBKleJ8,110.0,120.0," /m/06wzb,/m/07k1x,/m/09x0r"
UG9VLDxp-7w,50.0,60.0," /m/04rlf,/m/09x0r,/t/dd00126"
UJtX8YYYEE0,50.0,60.0," /m/04rlf,/m/064t9"
UP6bvxN88YQ,30.0,40.0, /m/09x0r
URujHMNpHJQ,580.0,590.0," /m/09x0r,/t/dd00125"
UXRKoc5WbTg,30.0,40.0, /m/09x0r
UZ2nImdpWjU,30.0,40.0," /m/02lkt,/m/04rlf,/m/07gxw,/m/09x0r"
Uo5FdYLeH7c,30.0,40.0, /m/09x0r
UpAmhAiULKk,150.0,160.0," /m/04rlf,/m/05rwpb"
UpsMlPzG0lM,30.0,40.0, /m/09x0r
UqHjF_x3K5c,30.0,40.0," /m/019jd,/m/07yv9,/m/09x0r"
V5vNr2658Ls,30.0,40.0, /m/04rlf
V8lRO1wjJ2k,30.0,40.0, /m/09x0r
VA8dmUe50DY,530.0,540.0, /m/04rlf
VBcUvEeuoH0,30.0,40.0, /m/09x0r
VDcKk_ZAvhU,120.0,130.0," /m/02v2lh,/m/04rlf"
VF39m6MuYJg,30.0,40.0, /m/04rlf
VG-ieVPPzvg,30.0,40.0, /m/09x0r
VYWyptJ_Jrg,0.0,10.0," /m/0199g,/m/07yv9"
VjkWk10Ejlo,30.0,40.0, /m/04rlf
VoLKaltr5Nc,10.0,20.0," /m/0dwsp,/m/0dwtp,/m/0j45pbj"
W0_YeFYWGgI,260.0,270.0," /m/01m2v,/m/0316dw,/m/09x0r"
W7MsEhTnIRg,30.0,40.0," /m/04rlf,/m/09x0r"
W955aowetqM,30.0,40.0," /m/02bxd,/m/04rlf"
WDYHKUU84pA,30.0,40.0," /m/04rlf,/m/09x0r"
WEx2UgYzAiA,30.0,40.0," /m/04rlf,/m/09x0r"
WHlCuIy6qHI,30.0,40.0, /m/09x0r
WIOwFTr-6hA,30.0,40.0," /m/04rlf,/m/09x0r"
WIq9L_j4i5g,30.0,40.0, /m/09x0r
WJGWgWlmNE0,30.0,40.0, /m/09x0r
WJn-KPB85E0,180.0,190.0," /m/01z7dr,/m/04rlf"
WNtE9AvBOKg,560.0,570.0," /m/04rlf,/m/04rzd,/m/04szw,/m/07y_7,/m/09x0r,/m/0l14_3"
WRXgDVkmTm0,30.0,40.0," /m/04rlf,/m/09x0r"
WTRshwUjOHI,28.0,38.0, /m/09x0r
W_KQlznGoVM,30.0,40.0," /m/04rlf,/m/09x0r"
Wl3st42JaiA,19.0,29.0, /m/09x0r
Wm3FLebap-Q,26.0,36.0, /m/04rlf
WmNFnpuxEV4,30.0,40.0," /m/085jw,/m/0l14l2"
WnS3T9w1A98,330.0,340.0, /t/dd00126
Wpv4dYVZz5g,30.0,40.0, /m/04rlf
WqJBme-HfTo,300.0,310.0," /m/028v0c,/m/04rlf"
WrK6Rp0qk4k,30.0,40.0, /m/04rlf
WwGqSuRV4oE,30.0,40.0, /m/04rlf
X8jfo8Y4IJs,30.0,40.0," /m/07r04,/m/07yv9"
XJ--Y_BJMyE,6.0,16.0, /m/04rlf
XKx8L45VuC0,150.0,160.0," /m/09x0r,/t/dd00125"
XMcoojF5za8,30.0,40.0, /m/09x0r
XQoLtCFZG-c,160.0,170.0," /m/07pb8fc,/m/07yv9,/m/09x0r"
XWnL-3jEP5M,160.0,170.0, /m/04rlf
XZltFgiGKWA,320.0,330.0, /m/02x984l
XaKmO1TRo30,30.0,40.0, /m/09x0r
Xaukt-swd04,0.0,10.0," /m/06_y0by,/t/dd00129"
Xc67w2TM0mY,530.0,540.0," /m/02zsn,/m/04rlf,/m/09x0r"
Xcy9BvzTixw,30.0,40.0, /m/09x0r
XgLoQZsGVb4,30.0,40.0, /m/09x0r
XnHet_p8JWs,30.0,40.0, /m/07k1x
XrpAkwKXhtY,30.0,40.0, /m/04rlf
Xs6SYwslWp8,30.0,40.0, /m/04rlf
Xt85C76m6fQ,30.0,40.0," /m/06wzb,/m/07rjwbb"
XvXAglusPi4,30.0,40.0," /m/01g50p,/m/07jdr,/m/07yv9,/t/dd00128"
Y1S_xJdJ0bo,30.0,40.0, /m/09x0r
Y4aESFgkfPs,24.0,34.0," /m/07q2z82,/m/07yv9,/m/0k4j"
Y8JGayRhriI,70.0,80.0, /m/0ch8v
YCYhBrjPemc,30.0,40.0, /m/04rlf
YHc5qgYhymY,30.0,40.0, /m/09x0r
YKjA_fmAn4I,170.0,180.0, /m/04rlf
YLCashOWbuw,80.0,90.0," /m/015lz1,/m/04rlf,/m/06bxc,/m/06cqb,/m/074ft,/m/0glt670"
YLb9P4Xn9I0,110.0,120.0," /m/04rlf,/m/0glt670"
YNpKYSpyjgw,410.0,420.0," /m/01m2v,/m/0316dw,/m/09x0r"
YSdkQUFLtXc,30.0,40.0, /m/09x0r
Ya4RCgyVjRc,280.0,290.0," /m/09x0r,/t/dd00125"
YbNMY7QtiTw,21.0,31.0, /m/09x0r
Yc0xCirf-M0,20.0,30.0," /m/04rlf,/m/05pd6,/m/0ggq0m"
Yc8xR1Q-Lo4,30.0,40.0," /m/04rlf,/m/09x0r,/m/0c1dj"
YkPK65E03Rg,30.0,40.0, /m/04rlf
YlwxbqtJST4,13.0,23.0, /m/04rlf
YmFKIr7gN4I,30.0,40.0, /m/04rlf
Ym_e57HJVjw,490.0,500.0, /m/02zsn
Yn-0m90cYmM,30.0,40.0," /m/04rlf,/m/05148p4,/m/05r5c"
Yv8fO3OiNEE,21.0,31.0," /m/04rlf,/m/09x0r"
YxWpBHBT-ig,180.0,190.0," /m/04_sv,/m/07yv9"
Z3YaJ9Vi4lY,160.0,170.0, /m/01kcd
Z8-M0T4UTWQ,30.0,40.0," /m/026t6,/m/0l14md"
Z8TCs2qad5w,10.0,20.0," /m/015lz1,/m/04rlf,/m/06j6l,/m/09x0r"
ZAWtuQrbKEQ,30.0,40.0," /m/04rlf,/m/09x0r"
ZImLHpVxmWE,22.0,32.0, /m/09x0r
ZJyYR6r7WiQ,570.0,580.0, /m/09x0r
ZM3ZqS685xQ,30.0,40.0, /m/0jbk
ZMYsle_r9bE,30.0,40.0, /m/04rlf
ZNodWpxjVwY,180.0,190.0, /m/04rlf
ZWa4kAUyzko,30.0,40.0, /m/09x0r
Zex4aGdyLQ8,30.0,40.0," /m/04rlf,/m/09x0r"
ZyzBNRgXwOs,390.0,400.0," /m/04rlf,/m/09x0r"
ZzJeqYHJpWQ,30.0,40.0," /m/09x0r,/t/dd00126"
_0rkdxyFKkY,60.0,70.0," /m/03m9d0z,/t/dd00092"
_ArrxY0-yiY,140.0,150.0," /m/026z9,/m/02lkt,/m/03mb9,/m/04rlf"
_EJA_Zi5nB0,30.0,40.0, /m/09x0r
_QYG5_dkfG4,60.0,70.0," /m/04_sv,/m/07yv9"
_WzUkiwRNV4,310.0,320.0," /m/09x0r,/t/dd00129"
_Y9T9ilHxO8,30.0,40.0," /m/02sgy,/m/0342h,/m/04rlf,/m/04szw,/m/0fx80y,/m/0l14_3"
_d1zlTyj0ss,30.0,40.0," /m/056ks2,/m/07yv9,/m/09x0r"
_gRWau7O1Ig,30.0,40.0, /m/09x0r
_gV4VL_IJsc,160.0,170.0," /m/04rlf,/m/06ncr"
_iE-fmJCyG4,30.0,40.0," /m/04rlf,/m/09x0r"
_mrLlLorgFs,100.0,110.0, /m/09x0r
_my80ghG9_U,100.0,110.0," /m/015lz1,/m/04rlf"
_qMRG5DRXgI,80.0,90.0," /m/0283d,/m/02lkt,/m/04rlf"
_vrj7xAGCUM,30.0,40.0, /m/09x0r
_vtn40psCfg,30.0,40.0, /m/09x0r
_xdt8FPx4cg,0.0,10.0, /m/02v2lh
_yTz5jPgiQY,30.0,40.0," /m/04rlf,/m/09x0r"
a4Dc-ScKE9A,30.0,40.0," /m/02lkt,/m/04rlf"
a97-k7HewwY,110.0,120.0," /m/013y1f,/m/03gvt"
aBLrgaBTwuI,30.0,40.0," /m/04rlf,/m/04szw,/m/07y_7"
aCODELsMjGA,0.0,10.0," /m/04rlf,/t/dd00036"
aIPMuLzzjSk,140.0,150.0," /m/01jt3m,/m/0838f"
aIV-Zu6USuk,30.0,40.0, /m/04rlf
a_uDo1weQlI,80.0,90.0," /m/04rlf,/t/dd00035"
aaY5MBN6FiE,20.0,30.0," /m/04rlf,/m/07r_k2n,/m/09x0r"
afPTHL5jj90,30.0,40.0," /m/01c194,/m/04rlf"
ahKDgAhsxek,370.0,380.0," /m/02jz0l,/m/0838f,/m/09x0r"
akb4U2pH6oQ,60.0,70.0," /m/04rlf,/m/0y4f8"
amj2aP3v0Ac,20.0,30.0, /m/04rlf
an0Ir2YF40o,130.0,140.0, /m/09x0r
anJx3ClXZ1w,30.0,40.0, /m/04rlf
aoM_Jiina_8,30.0,40.0, /m/09x0r
asp3PeO2zho,20.0,30.0, /m/09x0r
awpiDIIDMf4,30.0,40.0, /m/04rlf
b3PiycdE7Eo,70.0,80.0, /m/04rlf
b4TNdsnx6B8,30.0,40.0, /m/0jbk
b8aE9J1aWVU,22.0,32.0," /m/04rlf,/m/09x0r"
b9yTPiXNv5Y,80.0,90.0," /m/09x0r,/t/dd00125"
bFyBZRXUy10,5.0,15.0, /m/09x0r
bJB6gROK-VU,30.0,40.0, /m/09x0r
bL4VQgIkFAU,30.0,40.0, /m/04rlf
bMObTyRVMUk,390.0,400.0, /m/09x0r
bNRKJv2Ht5s,30.0,40.0, /m/04rlf
bNpj8wBsy-E,150.0,160.0," /m/04rlf,/m/06by7"
bO8ZkGoljII,90.0,100.0," /m/02rr_,/m/0342h,/m/04rlf,/m/04szw,/m/0fx80y,/m/0g12c5"
bRM-APyhxn0,110.0,120.0, /m/09x0r
bYdlZOsrf60,450.0,460.0," /m/0195fx,/m/01g50p,/m/06d_3,/m/07jdr"
baqpqXNnMpQ,570.0,580.0, /m/04rlf
bb8-K4mtPoM,30.0,40.0," /m/04rlf,/t/dd00125"
bbOF62XKQnM,30.0,40.0," /m/015p6,/m/09ddx,/m/09x0r,/m/0jbk,/t/dd00128"
bhtJBFPt3Gc,30.0,40.0," /m/02lkt,/m/04rlf,/m/07s72n"
bjM9i0ZY5Y8,30.0,40.0, /m/04rlf
boDZMvktvNs,340.0,350.0," /m/02hnl,/m/04rlf,/m/04szw"
bx02nkmbeE8,40.0,50.0," /m/07yv9,/m/0k4j"
bzFjNgSDzLM,120.0,130.0," /m/01kcd,/m/07c6l,/m/07gql"
bzU9CEOpDiA,210.0,220.0," /m/09x0r,/t/dd00125"
c0J9ruEtR_c,30.0,40.0," /m/04rlf,/m/09x0r"
cA2GFWNIB8o,30.0,40.0, /m/01c194
cBAdxM2K9c4,30.0,40.0," /m/07jdr,/m/07yv9,/t/dd00129"
cGgskft5GyI,540.0,550.0," /m/015lz1,/m/04rlf"
cHEMsiKNkBQ,30.0,40.0, /m/09x0r
cOaUQ00Qp9M,100.0,110.0," /m/02mk9,/m/07yv9,/m/09x0r,/m/0k4j,/t/dd00129"
cS2w1DqKYAk,30.0,40.0," /m/016cjb,/m/04rlf,/m/0gywn"
cT3NXlaO6Gk,170.0,180.0, /m/09x0r
cdc6YKL959U,30.0,40.0," /m/026t6,/m/02v2lh,/m/04rlf,/m/04szw"
ckEL8yPID84,30.0,40.0," /m/016cjb,/m/04rlf"
ckKAh4n7nmA,30.0,40.0," /m/09x0r,/t/dd00129"
cn7NmhGx3Sk,25.0,35.0, /m/09x0r
cp1TxsvHURQ,30.0,40.0," /m/01c194,/m/04rlf"
cpru43kW6x0,30.0,40.0," /m/04rlf,/m/09x0r"
cq520UspMpc,220.0,230.0," /m/05zppz,/m/09x0r"
cuxt11IAd-k,60.0,70.0, /m/06mb1
cvWHO1b_UNE,30.0,40.0," /m/02lkt,/m/04rlf,/m/07s72n"
cyyP7maGrYM,330.0,340.0," /m/04zjc,/m/09x0r"
d1lgPhD3TqA,11.0,21.0, /m/09x0r
d8p-4l3kwjQ,130.0,140.0," /m/0342h,/m/042v_gx,/m/04szw,/m/0fx80y"
dASQZJy2A08,30.0,40.0," /m/04rlf,/m/09x0r"
dCdMV-MTh4s,18.0,28.0, /m/07swgks
dCzNyX2WvvQ,60.0,70.0, /m/09x0r
dJjCi223vgc,30.0,40.0," /m/015p6,/m/020bb7,/m/07r_25d,/m/0h0rv"
dOwag9DwXTk,30.0,40.0, /m/04rlf
dPInZnMCkwk,110.0,120.0," /m/04rlf,/m/07brj"
dQnGPGJCW2Y,30.0,40.0," /m/04rlf,/m/05fw6t"
dScBD5TgfFQ,30.0,40.0, /m/04rlf
dSlDsIGfta0,270.0,280.0," /m/04rlf,/m/09x0r,/t/dd00125"
dUyKxXFB_IU,450.0,460.0, /m/09x0r
dV_u-rOoQec,540.0,550.0," /m/07k1x,/m/09x0r"
dXBaZHhU48Q,21.0,31.0, /m/09x0r
dXIvX2YQqeE,0.0,10.0, /m/0d31p
dZ6_yxpTx7E,420.0,430.0," /m/03_d0,/m/04rlf"
dZTXjShlFDo,20.0,30.0, /m/01w250
daJNa-JuKG4,30.0,40.0, /m/09x0r
db-D1G1EGKA,30.0,40.0," /m/015lz1,/m/02mscn,/m/03_d0,/m/04rlf"
degPJPTitZU,0.0,10.0," /m/03q5t,/m/05148p4"
diEnFvBD8KE,30.0,40.0," /m/04rlf,/m/09x0r"
dindSK0PeM0,30.0,40.0," /m/01lyv,/m/04rlf,/m/064t9"
dmUqCroegLw,90.0,100.0, /t/dd00125
dmc37naffzs,60.0,70.0, /m/07yv9
dqAMgtMhjxw,260.0,270.0," /m/04rlf,/m/09x0r"
dvUY4gPDyXw,100.0,110.0, /m/0dgbq
dwQ0yGZRj60,30.0,40.0, /m/04rlf
eI5tJOEcKxA,10.0,20.0, /m/09x0r
eJjwl81pFA0,0.0,10.0," /m/042v_gx,/m/04rlf"
eKQwu7UY5tY,170.0,180.0," /m/04rlf,/m/0dl5d"
eO0-VuUkUjg,30.0,40.0," /m/04rlf,/m/05rwpb"
eTrLoLu3AFU,30.0,40.0," /m/02k_mr,/m/04rlf"
eVWRHy7M5wU,210.0,220.0," /m/06bxc,/m/06cqb"
e_Va6mcMe8w,10.0,20.0, /t/dd00129
efXu2jRZbkc,22.0,32.0," /m/07yv9,/m/09x0r,/m/0k4j"
eqnveHA0hrI,200.0,210.0," /m/03j1ly,/m/03kmc9,/m/04qvtq"
f-qocqHvXSI,30.0,40.0," /m/02lkt,/m/04rlf,/m/07s72n"
f1vRIxk98C8,60.0,70.0," /m/04rlf,/m/04szw,/m/05148p4,/m/05r5c,/m/0ggq0m"
f4RASUR6zW4,4.0,14.0, /m/09x0r
fByDmXu1XFU,140.0,150.0," /m/07r5v4s,/m/09x0r,/t/dd00125"
fEwKRxhgc1o,20.0,30.0," /m/0283d,/m/02lkt,/m/04rlf,/m/07s72n"
fjJOuBzX9yc,30.0,40.0, /m/04rlf
fjhvoFamW2g,30.0,40.0, /m/09x0r
fkj7W0VzRik,270.0,280.0," /m/015lz1,/m/04rlf"
fq85_kzB2SU,20.0,30.0," /m/07qn4z3,/m/09x0r"
g4gt8KqvyzE,190.0,200.0," /m/015p6,/m/068hy,/m/09x0r"
g79cdhZ7Bg8,420.0,430.0," /m/01280g,/m/04rlf,/m/09x0r"
gDYN4jsXENk,30.0,40.0, /m/09x0r
gHdXUGGVU78,30.0,40.0," /m/04rlf,/m/09x0r"
gJSQhlIKIDw,110.0,120.0," /m/015lz1,/m/04rlf,/m/064t9,/m/0y4f8,/t/dd00126"
gMbDqmvrfx0,464.0,474.0," /m/03xq_f,/m/04rlf"
gO3aOHyCK3k,30.0,40.0, /m/04rlf
gPHsnWlW_Po,30.0,40.0," /m/04rlf,/m/09x0r"
gS-hGLoYrp8,70.0,80.0," /m/04rlf,/m/0glt670"
gVEix6vNL7k,120.0,130.0," /m/018w8,/m/09x0r"
gX-dHOVY6_E,40.0,50.0," /m/01jwx6,/m/04_sv,/m/07yv9,/m/09x0r,/t/dd00129"
gbDIVLSHRGA,30.0,40.0, /m/09x0r
ggUQO7oxq0Y,170.0,180.0," /m/015lz1,/m/04rlf,/m/09x0r,/t/dd00127"
gpI259WcaQU,30.0,40.0," /m/04rlf,/t/dd00129"
h3XDhqBwU1A,150.0,160.0," /m/03lty,/m/04rlf"
h3sKXjBgjoE,30.0,40.0," /m/026t6,/m/04rlf,/m/04szw,/m/09x0r"
h50Q47W80ao,90.0,100.0," /m/015lz1,/m/04rlf"
hD5auDZZE_4,230.0,240.0," /m/09x0r,/t/dd00129"
hFVqW9kEvUM,30.0,40.0, /m/04rlf
hF_bf349JAI,30.0,40.0, /m/09x0r
hHcwwhv9C_I,30.0,40.0, /m/01jt3m
hQ5YAMrh2sw,30.0,40.0, /m/09x0r
hT7LAnCAgQQ,30.0,40.0," /m/04rlf,/m/07r67yg"
hUB0PYL7H9U,10.0,20.0, /m/0dwtp
hVb2iBDoDYo,30.0,40.0," /m/04rlf,/m/0838f,/m/09x0r"
hWShHOdG8a4,140.0,150.0," /m/04rlf,/m/064t9,/m/0ggx5q"
hZ0_tspxeX0,390.0,400.0," /m/015lz1,/t/dd00125"
hZynqBcI32U,150.0,160.0," /m/04rlf,/m/09x0r"
hazfcKQbUCI,71.0,81.0," /m/04rlf,/m/06by7,/m/07sbbz2"
hfGrEd91TKk,100.0,110.0," /m/02sgy,/m/0342h,/m/04rlf,/m/04szw,/m/0fx80y"
hfwGU2H3YqM,20.0,30.0," /m/07yv9,/t/dd00126"
hhPA_ByhAI0,0.0,10.0, /m/04rlf
hln6EsS8aFE,30.0,40.0, /m/09x0r
hoVcOrjQu1M,30.0,40.0," /m/04rlf,/m/09x0r,/t/dd00128"
hpzh1R-MDYE,170.0,180.0," /m/03vt0,/m/09xqv"
hswmIMbklvo,30.0,40.0, /m/09x0r
hvjN7vScaHA,380.0,390.0," /m/09x0r,/t/dd00125"
hxHo9D5qRl0,30.0,40.0, /m/04rlf
i8KorFsaAhk,120.0,130.0," /m/05zppz,/m/09x0r"
i8kjSEykvns,40.0,50.0," /m/015p6,/t/dd00129"
iCP4_1OqrNQ,30.0,40.0," /m/026t6,/m/02hnl,/m/04rlf,/m/04szw,/m/09x0r"
iKEzCUjSL9c,30.0,40.0, /m/09x0r
iLdlftKBlbw,30.0,40.0," /m/026t6,/m/02hnl,/m/04rlf,/m/04szw"
iQVuLpkKqno,300.0,310.0," /m/04rlf,/m/09x0r,/m/0l14qv"
iQr5E-4EoZw,30.0,40.0," /m/04rlf,/m/09x0r"
iTo_aC_xqME,280.0,290.0," /m/09x0r,/t/dd00125"
iWWnwJvwH0k,170.0,180.0," /m/07yv9,/t/dd00129"
iYWzoGSLYPg,380.0,390.0, /m/0brhx
icStBcUVgLc,30.0,40.0, /m/04rlf
ihJkSiBIuhY,30.0,40.0, /m/09x0r
ileDehaisZE,520.0,530.0," /m/04rlf,/m/05lls,/m/0ggq0m,/m/0l14jd"
imNRwWNBigQ,40.0,50.0, /t/dd00129
imQaLDLI3xU,100.0,110.0," /m/04rlf,/m/09x0r"
inqZ0JiKVGQ,250.0,260.0," /m/07qyrcz,/m/09x0r,/m/0ytgt"
ivrpJaQOpYE,90.0,100.0," /m/025td0t,/m/04rlf"
j-MwAasKsUw,30.0,40.0, /m/0c3f7m
j7jc1RAKyPU,150.0,160.0," /m/04rlf,/m/09x0r"
jBzlH65X3sM,30.0,40.0," /m/06h7j,/m/09x0r,/t/dd00129"
jFz5Iv9DLYM,310.0,320.0, /m/0dls3
jGZdVId_0ao,30.0,40.0, /m/09x0r
jGljDuWvsz0,30.0,40.0," /m/04rlf,/m/09x0r"
jHSGtgzZBmk,80.0,90.0," /m/09x0r,/t/dd00128"
jRamwwETMWg,30.0,40.0, /m/09x0r
jc9WwtJZfio,30.0,40.0," /m/04rlf,/m/09x0r"
jlemv7X6MbA,90.0,100.0, /m/09x0r
jwZvW15uXhc,30.0,35.0," /m/04rlf,/m/09x0r"
k0rNsYTtyxc,120.0,130.0," /m/04rlf,/m/0l14qv"
kR-dohOhXnQ,220.0,230.0," /m/04rlf,/m/09x0r,/t/dd00127"
kkq-DbShhOE,30.0,40.0," /m/04rlf,/m/09x0r"
kkqUo0XMdkA,30.0,40.0," /m/09x0r,/t/dd00127"
krPQWG0WvsQ,30.0,40.0," /m/04rlf,/m/09x0r"
lJSIdyhHgq8,30.0,40.0," /m/04rlf,/m/09x0r"
lhrjEtDzFNw,160.0,170.0," /m/01d380,/m/07k1x,/m/09x0r"
lld156ULI5U,440.0,450.0," /m/04rlf,/m/09x0r,/t/dd00125"
lpRpJHqGAsQ,10.0,20.0, /m/09x0r
lqvgMqkEqSI,570.0,580.0, /m/09x0r
m2OC6Vs4ox8,10.0,20.0," /m/0342h,/m/04rlf,/m/04szw,/m/0fx80y"
m3nPtpyLxxs,490.0,500.0," /m/09x0r,/t/dd00125"
mDPXk7MF6YE,170.0,180.0," /m/09x0r,/t/dd00127"
mIpneivjBak,11.0,21.0, /m/04rlf
mMWt4vOWRX4,550.0,560.0," /m/02lkt,/m/04rlf,/m/07lnk"
mWjaaTHUOjA,18.0,28.0, /m/09x0r
mkFPVIKqDeM,60.0,70.0," /m/02mk9,/m/07pb8fc,/m/07yv9,/m/09x0r"
mkZH8ApES24,140.0,150.0, /m/09x0r
mlwB0RNTo78,30.0,40.0," /m/04rlf,/m/09x0r"
mtQ15rLc8IM,30.0,40.0, /m/09x0r
mwr2NW_teq0,30.0,40.0, /m/07yv9
n78xvr0A6tE,560.0,570.0," /m/015lz1,/m/04rlf,/m/09x0r,/m/0l14jd"
n8XrnzTc-sg,30.0,40.0, /m/09x0r
nA_yWnepv3g,330.0,340.0," /m/09x0r,/t/dd00126"
nI0mb-b7B5M,190.0,200.0, /t/dd00128
nJR-VBPEfb4,130.0,140.0," /m/028sqc,/m/04rlf,/m/09x0r"
nO29V2NjGPI,230.0,240.0," /m/02cjck,/m/04rlf"
nTkxqGyPzbc,30.0,40.0, /m/09x0r
nbyMdx3qGjo,100.0,110.0, /m/09x0r
nfVamo743_0,30.0,40.0, /m/09x0r
nfiooi-XNDE,180.0,190.0," /m/01c194,/m/04rlf"
nxEPpSBNHPU,30.0,40.0, /m/04rlf
o0X-X2qaY2s,30.0,40.0," /m/04rlf,/m/09x0r"
o2c9Fv3P8tI,30.0,40.0, /m/09x0r
oAl41EK2Kd0,440.0,450.0, /m/09x0r
oD5CBgtErOk,30.0,40.0, /m/09x0r
oeEOMaXvJJU,20.0,30.0," /m/028sqc,/m/04rlf"
oeueen2oOg8,30.0,40.0, /m/09x0r
ontEFdEEnkw,480.0,490.0," /m/04k94,/m/0838f"
p0B0DElQTL8,10.0,20.0," /m/07q2z82,/m/07yv9,/m/0k4j"
pCnh85678SM,440.0,450.0," /m/0195fx,/m/01g50p,/m/0284vy3,/m/06d_3,/m/07jdr,/m/07rwm0c"
pDrpmIRdjuI,4.0,14.0," /m/04rlf,/m/09x0r"
pF-lJNegjG0,250.0,260.0, /m/04rlf
pcZPsHbeO1E,250.0,260.0, /m/04rlf
pgKqr4MXHjU,30.0,40.0," /m/04rlf,/m/09x0r"
pkPgfNJH7_A,570.0,580.0," /m/09x0r,/t/dd00125"
polpn5lyL6U,30.0,40.0, /m/09x0r
psBzqXmr1Jc,30.0,40.0," /m/06h7j,/m/09x0r,/t/dd00128"
q5WtaqZPGhw,140.0,150.0," /m/01kcd,/m/03_d0,/m/04rlf,/m/04szw,/m/05pd6,/m/07c6l,/m/07gql,/m/0ggq0m,/m/0l14md"
qUQ7m4i59LI,140.0,150.0," /m/04rlf,/m/09x0r"
qUe1C7f1_bU,30.0,40.0," /m/04rlf,/m/09x0r"
qVblmvSkQ3w,110.0,120.0," /m/03qc9zr,/m/09x0r"
q_ywKHAPt9I,30.0,40.0, /m/09x0r
qtV9zpcVrdE,110.0,120.0," /m/09x0r,/m/0ytgt,/t/dd00129"
r2PcA0hjBZk,30.0,40.0, /m/04rlf
r3KrJ_Q0qJI,160.0,170.0, /m/04rlf
r7jjK-WMCbI,40.0,50.0, /m/09x0r
r9DNvoXDa-8,440.0,450.0," /m/028v0c,/m/04rlf"
rJep2h7lgnc,30.0,40.0, /m/09x0r
rT-89ic66M8,130.0,140.0," /m/01hgjl,/m/02lkt,/m/03mb9,/m/04rlf"
rVK-cC1JQ-E,370.0,380.0," /m/04rlf,/m/09x0r,/t/dd00125"
rZWL5WiXb-c,0.0,10.0, /m/04rlf
riM7b5bJ9KQ,60.0,70.0," /m/01j3sz,/m/09x0r"
rl9DTQcs8YE,30.0,40.0," /m/04rlf,/m/09x0r,/t/dd00003"
roQhulcgiGo,30.0,40.0, /m/04rlf
s48edBhmP1g,30.0,40.0," /m/03_d0,/m/03lty,/m/04rlf"
sF8mB16waYc,40.0,50.0, /m/09b5t
sGsve9F7oM8,200.0,210.0," /m/04rlf,/m/09x0r"
sMNQ2xcKMP0,30.0,40.0," /m/04rlf,/m/04szw,/m/09x0r"
sNoW1dhFW_c,180.0,190.0," /m/03lty,/m/04rlf,/m/06by7"
sOg4MNTWx_0,150.0,160.0, /m/06_fw
sQMpoVvFGIA,6.0,16.0, /m/09ld4
sUeaNAIKyOQ,30.0,40.0, /m/09x0r
tKRkWDLfzZg,80.0,90.0," /m/09x0r,/t/dd00125"
tR9gUcfMLyg,50.0,60.0," /m/09x0r,/t/dd00129"
tgCJED9WBbw,30.0,40.0, /m/04rlf
th-TqONTy5s,30.0,40.0, /m/028v0c
tpYfNeSrVu0,310.0,320.0, /t/dd00128
u7M6LQJnGcA,190.0,200.0," /m/028v0c,/m/09x0r,/t/dd00126"
usB99qa5cxo,30.0,40.0, /m/04rlf
v0tp4RCcQ0I,330.0,340.0," /m/015vgc,/m/0342h,/m/04rlf,/m/04szw,/m/0fx80y,/t/dd00125"
vIjnFao-oDk,30.0,40.0," /m/04rlf,/m/09x0r"
vNzhX6nHdHU,30.0,40.0, /m/09x0r
vPOKy1KyEJQ,30.0,40.0, /m/09x0r
vQqha3TWQZA,30.0,40.0, /m/09x0r
vRn_UjLRauM,30.0,40.0, /m/04rlf
v_dvxOpjl8k,550.0,560.0," /m/02x984l,/m/09x0r"
vc8RIoRCz64,130.0,140.0," /m/02cz_7,/m/09x0r,/t/dd00126"
wGjOObKwwHM,30.0,40.0, /m/07yv9
wPIWUpWGzB0,230.0,240.0, /m/09x0r
wRXA5gNfSYk,120.0,130.0," /m/015p6,/m/020bb7,/m/068hy,/m/09x0r"
wS48_jcaU0A,200.0,210.0, /m/09x0r
wh1xKnirS0w,60.0,70.0," /m/04rlf,/m/09x0r"
wiF85iAYiHk,30.0,40.0," /m/07qjznl,/m/09x0r"
wty2IdYXAOo,30.0,40.0, /m/07qjznt
x5uZoJxm9bI,0.0,10.0, /m/015p6
x68wj60G2KI,150.0,160.0," /m/09x0r,/t/dd00129"
xCHbAzN5gWU,10.0,20.0," /m/02lkt,/m/04rlf,/m/07lnk"
xGRLzm1pWBY,0.0,10.0," /m/04rlf,/m/0m0jc"
xLE2kS3gG4g,30.0,40.0, /m/09x0r
xPwQp3Iwz98,150.0,160.0, /m/04rlf
xUQnObR31lg,10.0,20.0, /m/04rlf
xUhx1ztLHWg,30.0,40.0," /m/027m70_,/m/04rlf"
xbaOE8Qjnyc,570.0,580.0, /m/09x0r
xowi2L5dzGs,30.0,40.0, /m/09x0r
y2NFCYsZR_c,30.0,40.0, /m/09x0r
y8Vmi3tHgaw,50.0,60.0," /m/04rlf,/t/dd00125"
yAOZcVHeKIo,20.0,30.0, /m/09x0r
yUCHjAxjwSM,20.0,30.0, /m/09x0r
yUdhPFUhPnY,30.0,40.0, /m/04rlf
yXI9_iKF9Hs,10.0,20.0," /m/04rlf,/m/09x0r,/t/dd00125"
yl8h8HAeOPE,240.0,250.0," /m/03k3r,/m/09x0r,/m/0jbk"
z-dS-bHewPM,490.0,500.0," /m/02lkt,/m/04rlf,/m/09x0r"
z-mmOIxx3Y0,270.0,280.0, /m/09x0r
z0KrezSjQO0,330.0,340.0, /m/09x0r
z2eLCUxLg_4,500.0,510.0," /m/03kmc9,/m/0dgbq"
z5ns50I_9oQ,140.0,150.0, /m/04rlf
z8s6iANI6Ws,120.0,130.0," /m/04rlf,/t/dd00033"
zTqGeDKqAbk,30.0,40.0, /m/04rlf
znlqFan-CEw,30.0,40.0," /m/04rlf,/m/09x0r"
